-- MySQL dump 10.13  Distrib 8.0.38, for Win64 (x86_64)
--
-- Host: 127.0.0.1    Database: cv_manager
-- ------------------------------------------------------
-- Server version	8.0.39

/*!40101 SET @OLD_CHARACTER_SET_CLIENT=@@CHARACTER_SET_CLIENT */;
/*!40101 SET @OLD_CHARACTER_SET_RESULTS=@@CHARACTER_SET_RESULTS */;
/*!40101 SET @OLD_COLLATION_CONNECTION=@@COLLATION_CONNECTION */;
/*!50503 SET NAMES utf8 */;
/*!40103 SET @OLD_TIME_ZONE=@@TIME_ZONE */;
/*!40103 SET TIME_ZONE='+00:00' */;
/*!40014 SET @OLD_UNIQUE_CHECKS=@@UNIQUE_CHECKS, UNIQUE_CHECKS=0 */;
/*!40014 SET @OLD_FOREIGN_KEY_CHECKS=@@FOREIGN_KEY_CHECKS, FOREIGN_KEY_CHECKS=0 */;
/*!40101 SET @OLD_SQL_MODE=@@SQL_MODE, SQL_MODE='NO_AUTO_VALUE_ON_ZERO' */;
/*!40111 SET @OLD_SQL_NOTES=@@SQL_NOTES, SQL_NOTES=0 */;

--
-- Table structure for table `competencies`
--

DROP TABLE IF EXISTS `competencies`;
/*!40101 SET @saved_cs_client     = @@character_set_client */;
/*!50503 SET character_set_client = utf8mb4 */;
CREATE TABLE `competencies` (
  `id` int NOT NULL AUTO_INCREMENT,
  `profile_id` int NOT NULL,
  `competency` varchar(100) DEFAULT NULL,
  `level` int DEFAULT NULL,
  PRIMARY KEY (`id`),
  KEY `profile_id` (`profile_id`),
  CONSTRAINT `competencies_ibfk_1` FOREIGN KEY (`profile_id`) REFERENCES `profiles` (`id`) ON DELETE CASCADE
) ENGINE=InnoDB AUTO_INCREMENT=113 DEFAULT CHARSET=utf8mb4 COLLATE=utf8mb4_0900_ai_ci;
/*!40101 SET character_set_client = @saved_cs_client */;

--
-- Dumping data for table `competencies`
--

LOCK TABLES `competencies` WRITE;
/*!40000 ALTER TABLE `competencies` DISABLE KEYS */;
INSERT INTO `competencies` VALUES (1,17,'ej competencia',36),(2,22,'soy competitivo',92),(3,23,'soy competitivo',92),(4,24,'che',100),(5,25,'che',100),(6,26,'che',100),(7,27,'rm',55),(8,28,'predicador',86),(9,29,'predicador',86),(10,30,'predicador',86),(11,31,'ej competencia',65),(12,32,'ej competencia',65),(13,33,'ej competencia',65),(14,34,'ej competencia',65),(15,35,'ej competencia',65),(16,36,'predicador',66),(17,37,'predicador',66),(18,38,'predicador',66),(19,39,'predicador',66),(20,40,'predicador',52),(21,41,'predicador',52),(22,42,'rm',59),(23,43,'rm',59),(24,44,'rm',59),(25,45,'rm',59),(26,46,'rm',59),(27,47,'rm',59),(28,48,'rm',59),(29,49,'rm',59),(30,50,'rm',59),(31,51,'rm',59),(32,52,'rm',59),(33,53,'predicador',48),(34,54,'software 1',78),(35,54,'software 2 ',61),(36,54,'software 3',38),(37,54,'software 4',30),(38,54,'software 5',84),(39,55,'software 1',78),(40,55,'software 2 ',61),(41,55,'software 3',38),(42,55,'software 4',30),(43,55,'software 5',84),(44,56,'software 1',78),(45,56,'software 2 ',61),(46,56,'software 3',38),(47,56,'software 4',30),(48,56,'software 5',84),(49,57,'software 1',78),(50,57,'software 2 ',61),(51,57,'software 3',38),(52,57,'software 4',30),(53,57,'software 5',84),(54,58,'software 1',78),(55,58,'software 2 ',61),(56,58,'software 3',38),(57,58,'software 4',30),(58,58,'software 5',84),(59,59,'software 1',37),(60,59,'software 2',61),(61,59,'software 3',85),(62,59,'software 4',11),(63,60,'software 1',37),(64,60,'software 2',61),(65,60,'software 3',85),(66,60,'software 4',11),(67,61,'software 1',37),(68,61,'software 2',61),(69,61,'software 3',85),(70,61,'software 4',11),(71,62,'cola',80),(72,62,'dvdv',15),(73,63,'cola',80),(74,63,'dvdv',15),(75,64,'software 1',89),(76,65,'software 1',89),(77,66,'software 1',89),(78,67,'software 1',89),(79,68,'software 1',89),(80,69,'software 1',89),(81,70,'software 1',89),(82,71,'software 1',89),(83,72,'software 1',89),(84,73,'software 1',89),(85,74,'software 1',89),(86,75,'software 1',89),(87,76,'software 1',89),(88,77,'software 1',89),(89,78,'software 1',89),(90,79,'software 1',89),(91,80,'software 1',89),(92,81,'software 1',89),(93,82,'software 1',89),(94,83,'software 1',89),(95,84,'software 1',89),(96,85,'software 1',89),(97,86,'software 1',89),(98,87,'software 1',81),(99,87,'software 2',58),(100,87,'software 3',37),(101,87,'software 4',20),(102,87,'software 5',98),(103,88,'software 1',40),(104,88,'ej competencia',94),(105,89,'software 1',77),(106,89,'software 2',41),(107,90,'software 1',18),(108,90,'software 2',41),(109,91,'software 1',18),(110,91,'software 2',41),(111,92,'software 1',18),(112,92,'software 2',41);
/*!40000 ALTER TABLE `competencies` ENABLE KEYS */;
UNLOCK TABLES;

--
-- Table structure for table `education`
--

DROP TABLE IF EXISTS `education`;
/*!40101 SET @saved_cs_client     = @@character_set_client */;
/*!50503 SET character_set_client = utf8mb4 */;
CREATE TABLE `education` (
  `id` int NOT NULL AUTO_INCREMENT,
  `profile_id` int NOT NULL,
  `start_year` varchar(4) DEFAULT NULL,
  `end_year` varchar(4) DEFAULT NULL,
  `university` varchar(255) DEFAULT NULL,
  `degree` varchar(255) DEFAULT NULL,
  PRIMARY KEY (`id`),
  KEY `profile_id` (`profile_id`),
  CONSTRAINT `education_ibfk_1` FOREIGN KEY (`profile_id`) REFERENCES `profiles` (`id`) ON DELETE CASCADE
) ENGINE=InnoDB AUTO_INCREMENT=82 DEFAULT CHARSET=utf8mb4 COLLATE=utf8mb4_0900_ai_ci;
/*!40101 SET character_set_client = @saved_cs_client */;

--
-- Dumping data for table `education`
--

LOCK TABLES `education` WRITE;
/*!40000 ALTER TABLE `education` DISABLE KEYS */;
INSERT INTO `education` VALUES (1,17,'2008','2018','Todai','computacion'),(2,22,'2013','2015','ujap','cocina'),(3,23,'2013','2015','ujap','cocina'),(4,24,'2000','2004','masia','furbo'),(5,25,'2000','2004','masia','furbo'),(6,26,'2000','2004','masia','furbo'),(7,27,'1998','2002','lisboa','esfuerzo'),(8,28,'1995','1998','catolica','la cruz'),(9,29,'1995','1998','catolica','la cruz'),(10,30,'1995','1998','catolica','la cruz'),(11,31,'1998','2005','lisboa','esfuerzo'),(12,32,'1998','2005','lisboa','esfuerzo'),(13,33,'1998','2005','lisboa','esfuerzo'),(14,34,'1998','2005','lisboa','esfuerzo'),(15,35,'1998','2005','lisboa','esfuerzo'),(16,36,'2000','2003','de la vida','maraton'),(17,37,'2000','2003','de la vida','maraton'),(18,38,'2000','2003','de la vida','maraton'),(19,39,'2000','2003','de la vida','maraton'),(20,40,'2001','2002','bdfvbd','esfuerzo'),(21,41,'2001','2002','bdfvbd','esfuerzo'),(22,42,'1993','1995','catolica','la cruz'),(23,43,'1993','1995','catolica','la cruz'),(24,44,'1993','1995','catolica','la cruz'),(25,45,'1993','1995','catolica','la cruz'),(26,46,'1993','1995','catolica','la cruz'),(27,47,'1993','1995','catolica','la cruz'),(28,48,'1993','1995','catolica','la cruz'),(29,49,'1993','1995','catolica','la cruz'),(30,50,'1993','1995','catolica','la cruz'),(31,51,'1993','1995','catolica','la cruz'),(32,52,'1993','1995','catolica','la cruz'),(33,53,'1995','1996','de la vida','la cruz'),(34,54,'2018','2023','Universidad Ensigna','Ingeniería en sistemas'),(35,54,'2012','2018','Universidad Ensigna','Programación web'),(36,55,'2018','2023','Universidad Ensigna','Ingeniería en sistemas'),(37,55,'2012','2018','Universidad Ensigna','programacion web'),(38,56,'2018','2023','Universidad Ensigna','Ingeniería en sistemas'),(39,56,'2012','2018','Universidad Ensigna','programacion web'),(40,57,'2018','2023','Universidad Ensigna','Ingeniería en sistemas'),(41,57,'2012','2018','Universidad Ensigna','programacion web'),(42,58,'2018','2023','Universidad Ensigna','Ingeniería en sistemas'),(43,58,'2012','2018','Universidad Ensigna','programacion web'),(44,59,'2018','2023','Universidad Ensigna','Ingeniería en sistemas'),(45,59,'2012','2018','Universidad Ensigna','programacion web'),(46,60,'2018','2023','Universidad Ensigna','Ingeniería en sistemas'),(47,60,'2012','2018','Universidad Ensigna','programacion web'),(48,61,'2018','2023','Universidad Ensigna','Ingeniería en sistemas'),(49,61,'2012','2018','Universidad Ensigna','programacion web'),(50,62,'2000','2001','lisboa','Ingeniería en sistemas'),(51,63,'2000','2001','lisboa','Ingeniería en sistemas'),(52,64,'1992','1998','Universidad Ensigna','Ingeniería en sistemas'),(53,65,'1992','1998','Universidad Ensigna','Ingeniería en sistemas'),(54,66,'1992','1998','Universidad Ensigna','Ingeniería en sistemas'),(55,67,'1992','1998','Universidad Ensigna','Ingeniería en sistemas'),(56,68,'1992','1998','Universidad Ensigna','Ingeniería en sistemas'),(57,69,'1992','1998','Universidad Ensigna','Ingeniería en sistemas'),(58,70,'1992','1998','Universidad Ensigna','Ingeniería en sistemas'),(59,71,'1992','1998','Universidad Ensigna','Ingeniería en sistemas'),(60,72,'1992','1998','Universidad Ensigna','Ingeniería en sistemas'),(61,73,'1992','1998','Universidad Ensigna','Ingeniería en sistemas'),(62,74,'1992','1998','Universidad Ensigna','Ingeniería en sistemas'),(63,75,'1992','1998','Universidad Ensigna','Ingeniería en sistemas'),(64,76,'1992','1998','Universidad Ensigna','Ingeniería en sistemas'),(65,77,'1992','1998','Universidad Ensigna','Ingeniería en sistemas'),(66,78,'1992','1998','Universidad Ensigna','Ingeniería en sistemas'),(67,79,'1992','1998','Universidad Ensigna','Ingeniería en sistemas'),(68,80,'1992','1998','Universidad Ensigna','Ingeniería en sistemas'),(69,81,'1992','1998','Universidad Ensigna','Ingeniería en sistemas'),(70,82,'1992','1998','Universidad Ensigna','Ingeniería en sistemas'),(71,83,'1992','1998','Universidad Ensigna','Ingeniería en sistemas'),(72,84,'1992','1998','Universidad Ensigna','Ingeniería en sistemas'),(73,85,'1992','1998','Universidad Ensigna','Ingeniería en sistemas'),(74,86,'1992','1998','Universidad Ensigna','Ingeniería en sistemas'),(75,87,'2018','2023','Universidad Ensigna','Ingeniería en sistemas'),(76,87,'2012','2018','Universidad Ensigna','Programacion web'),(77,88,'2000','2001','Todai','Ingeniería en sistemas'),(78,89,'2008','2016','Universidad Ensigna','Ingeniería en sistemas'),(79,90,'2008','2016','Universidad Ensigna','Ingeniería en sistemas'),(80,91,'2008','2016','Universidad Ensigna','Ingeniería en sistemas'),(81,92,'2008','2016','Universidad Ensigna','Ingeniería en sistemas');
/*!40000 ALTER TABLE `education` ENABLE KEYS */;
UNLOCK TABLES;

--
-- Table structure for table `languages`
--

DROP TABLE IF EXISTS `languages`;
/*!40101 SET @saved_cs_client     = @@character_set_client */;
/*!50503 SET character_set_client = utf8mb4 */;
CREATE TABLE `languages` (
  `id` int NOT NULL AUTO_INCREMENT,
  `profile_id` int NOT NULL,
  `language` varchar(50) DEFAULT NULL,
  PRIMARY KEY (`id`),
  KEY `profile_id` (`profile_id`),
  CONSTRAINT `languages_ibfk_1` FOREIGN KEY (`profile_id`) REFERENCES `profiles` (`id`) ON DELETE CASCADE
) ENGINE=InnoDB AUTO_INCREMENT=92 DEFAULT CHARSET=utf8mb4 COLLATE=utf8mb4_0900_ai_ci;
/*!40101 SET character_set_client = @saved_cs_client */;

--
-- Dumping data for table `languages`
--

LOCK TABLES `languages` WRITE;
/*!40000 ALTER TABLE `languages` DISABLE KEYS */;
INSERT INTO `languages` VALUES (1,17,'japones'),(2,22,'ingles'),(3,23,'ingles'),(4,24,'catalan'),(5,25,'catalan'),(6,26,'catalan'),(7,27,'factos'),(8,28,'hebreo'),(9,29,'hebreo'),(10,30,'hebreo'),(11,31,'hebreo'),(12,32,'hebreo'),(13,33,'hebreo'),(14,34,'hebreo'),(15,35,'hebreo'),(16,36,'basado'),(17,37,'basado'),(18,38,'basado'),(19,39,'basado'),(20,40,'japones'),(21,41,'japones'),(22,42,'japones'),(23,43,'japones'),(24,44,'japones'),(25,45,'japones'),(26,46,'japones'),(27,47,'japones'),(28,48,'japones'),(29,49,'japones'),(30,50,'japones'),(31,51,'japones'),(32,52,'japones'),(33,53,'japones'),(34,54,'Espanol'),(35,54,'portugues'),(36,54,'ingles'),(37,55,'Espanol'),(38,55,'portugues'),(39,55,'ingles'),(40,56,'Espanol'),(41,56,'portugues'),(42,56,'ingles'),(43,57,'Espanol'),(44,57,'portugues'),(45,57,'ingles'),(46,58,'Espanol'),(47,58,'portugues'),(48,58,'ingles'),(49,59,'Espanol'),(50,59,'ingles'),(51,59,'hebreo'),(52,60,'Espanol'),(53,60,'ingles'),(54,60,'hebreo'),(55,61,'Espanol'),(56,61,'ingles'),(57,61,'hebreo'),(58,62,'japones'),(59,63,'japones'),(60,64,'japones'),(61,65,'japones'),(62,66,'japones'),(63,67,'japones'),(64,68,'japones'),(65,69,'japones'),(66,70,'japones'),(67,71,'japones'),(68,72,'japones'),(69,73,'japones'),(70,74,'japones'),(71,75,'japones'),(72,76,'japones'),(73,77,'japones'),(74,78,'japones'),(75,79,'japones'),(76,80,'japones'),(77,81,'japones'),(78,82,'japones'),(79,83,'japones'),(80,84,'japones'),(81,85,'japones'),(82,86,'japones'),(83,87,'Espanol'),(84,87,'ingles'),(85,87,'portugues'),(86,88,'Espanol'),(87,89,'japones'),(88,90,'japone'),(89,91,'japone'),(90,92,'japone'),(91,92,'tststsdtst');
/*!40000 ALTER TABLE `languages` ENABLE KEYS */;
UNLOCK TABLES;

--
-- Table structure for table `profiles`
--

DROP TABLE IF EXISTS `profiles`;
/*!40101 SET @saved_cs_client     = @@character_set_client */;
/*!50503 SET character_set_client = utf8mb4 */;
CREATE TABLE `profiles` (
  `id` int NOT NULL AUTO_INCREMENT,
  `user_id` int NOT NULL,
  `first_name` varchar(100) DEFAULT NULL,
  `last_name` varchar(100) DEFAULT NULL,
  `profession` varchar(100) DEFAULT NULL,
  `description` text,
  `phone` varchar(20) DEFAULT NULL,
  `email` varchar(100) DEFAULT NULL,
  `website` varchar(255) DEFAULT NULL,
  `country` varchar(100) DEFAULT NULL,
  `state` varchar(100) DEFAULT NULL,
  `city` varchar(100) DEFAULT NULL,
  `created_at` timestamp NULL DEFAULT CURRENT_TIMESTAMP,
  `address` text,
  `summary` text,
  `photo` varchar(255) DEFAULT NULL,
  `photo_url` varchar(255) DEFAULT NULL,
  PRIMARY KEY (`id`),
  KEY `user_id` (`user_id`),
  CONSTRAINT `profiles_ibfk_1` FOREIGN KEY (`user_id`) REFERENCES `users` (`id`)
) ENGINE=InnoDB AUTO_INCREMENT=93 DEFAULT CHARSET=utf8mb4 COLLATE=utf8mb4_0900_ai_ci;
/*!40101 SET character_set_client = @saved_cs_client */;

--
-- Dumping data for table `profiles`
--

LOCK TABLES `profiles` WRITE;
/*!40000 ALTER TABLE `profiles` DISABLE KEYS */;
INSERT INTO `profiles` VALUES (1,1,'edgar','Castillo','Programador',NULL,NULL,NULL,NULL,NULL,NULL,NULL,'2025-02-04 00:21:21',NULL,NULL,NULL,NULL),(2,1,'edgar','Castillo','Programador',NULL,NULL,NULL,NULL,NULL,NULL,NULL,'2025-02-04 00:27:53',NULL,NULL,NULL,NULL),(3,1,'edgar','Castillo','Programador',NULL,NULL,NULL,NULL,NULL,NULL,NULL,'2025-02-04 00:33:06',NULL,NULL,NULL,NULL),(4,1,'edgar','Castillo','Programador',NULL,NULL,NULL,NULL,NULL,NULL,NULL,'2025-02-04 00:33:06',NULL,NULL,NULL,NULL),(5,1,'edgar','Castillo','Programador',NULL,NULL,NULL,NULL,NULL,NULL,NULL,'2025-02-04 00:33:06',NULL,NULL,NULL,NULL),(6,1,'edgar','Castillo','Programador',NULL,NULL,NULL,NULL,NULL,NULL,NULL,'2025-02-04 00:40:32',NULL,NULL,NULL,NULL),(7,1,'edgar','Castillo','Programador',NULL,NULL,NULL,NULL,NULL,NULL,NULL,'2025-02-04 00:40:32',NULL,NULL,NULL,NULL),(8,1,'edgar','Castillo','Programador',NULL,NULL,NULL,NULL,NULL,NULL,NULL,'2025-02-04 00:40:32',NULL,NULL,NULL,NULL),(9,1,'Edgar','Castillo','Programador',NULL,NULL,NULL,NULL,NULL,NULL,NULL,'2025-02-04 00:54:03',NULL,NULL,NULL,NULL),(10,1,'Edgar','Castillo','Programador',NULL,NULL,NULL,NULL,NULL,NULL,NULL,'2025-02-04 00:58:52',NULL,NULL,NULL,NULL),(11,1,'Edgar','Castillo','Programador',NULL,NULL,NULL,NULL,NULL,NULL,NULL,'2025-02-04 01:01:20',NULL,NULL,NULL,NULL),(12,1,'Edgar','Castillo','Programador',NULL,NULL,NULL,NULL,NULL,NULL,NULL,'2025-02-04 01:32:45',NULL,NULL,NULL,NULL),(13,1,'Edgar','Castillo','Programador',NULL,NULL,NULL,NULL,NULL,NULL,NULL,'2025-02-04 01:32:45',NULL,NULL,NULL,NULL),(14,1,'Edgar','Castillo','Programador',NULL,NULL,NULL,NULL,NULL,NULL,NULL,'2025-02-04 01:32:45',NULL,NULL,NULL,NULL),(15,1,'edgar','Castillo','Programador',NULL,NULL,NULL,NULL,NULL,NULL,NULL,'2025-02-04 01:35:23',NULL,NULL,NULL,NULL),(16,1,'edgar','Castillo','Programador',NULL,NULL,NULL,NULL,NULL,NULL,NULL,'2025-02-04 01:40:17',NULL,NULL,NULL,NULL),(17,1,'edgar','Castillo','Programador','ej decripcion ','04263426543','edgarc.ec73@gmail.com','https://www.youtube.com/@DaniGamer_GG','Venezuela','Carabobo','San Diego','2025-02-04 02:16:36',NULL,NULL,NULL,NULL),(18,1,'edgar','Castillo','Programador','ej decripcion ','04263426543','edgarc.ec73@gmail.com','https://www.youtube.com/@DaniGamer_GG','Venezuela','Carabobo','San Diego','2025-02-04 02:43:27',NULL,NULL,NULL,NULL),(19,1,'edgar','Castillo','Programador','ej decripcion ','04263426543','edgarc.ec73@gmail.com','https://www.youtube.com/@DaniGamer_GG','Venezuela','Carabobo','San Diego','2025-02-04 02:46:47',NULL,NULL,NULL,NULL),(20,1,'jose','roberto','chef','ejemplo','04263426444','rojo@gmail.com','https://www.youtube.com/@DaniGamer_GG','Venezuela','Carabobo','San Diego','2025-02-04 02:49:08',NULL,NULL,NULL,NULL),(21,1,'jose','roberto','chef','ejemplo','04263426444','rojo@gmail.com','https://www.youtube.com/@DaniGamer_GG','Venezuela','Carabobo','San Diego','2025-02-04 02:53:17',NULL,NULL,NULL,NULL),(22,1,'jose','roberto','chef','ejemplo','04263426444','rojo@gmail.com','https://www.youtube.com/@DaniGamer_GG','Venezuela','Carabobo','San Diego','2025-02-04 03:05:41',NULL,NULL,NULL,NULL),(23,1,'lionel','messi','futbolista','que miras bobo','04124561241','soymessi@gmail.com','https://www.youtube.com/@messigg','Venezuela','Carabobo','valencia','2025-02-04 03:17:46',NULL,NULL,NULL,NULL),(24,1,'lionel','messi','futbolista','que miras bobo','04124561241','soymessi@gmail.com','https://www.youtube.com/@messigg','Venezuela','Carabobo','valencia','2025-02-04 03:19:01',NULL,NULL,NULL,NULL),(25,1,'lionel','messi','futbolista','que miras bobo','04124561241','soymessi@gmail.com','https://www.youtube.com/@messigg','Venezuela','Carabobo','valencia','2025-02-04 03:30:28',NULL,NULL,NULL,NULL),(26,1,'lionel','messi','futbolista','que miras bobo','04124561241','soymessi@gmail.com','https://www.youtube.com/@messigg','Venezuela','Carabobo','valencia','2025-02-04 03:37:43',NULL,NULL,NULL,NULL),(27,1,'cristiano','ronaldo','empresario','el bicho','3059991745','edgarc.ec73@gmail.com','https://www.youtube.com/@DaniGamer_GG','Venezuela','Florida','Miami','2025-02-04 04:14:08',NULL,NULL,NULL,NULL),(28,1,'dios','cristo','resucitar','cristo vive','3059991745','edgarc.ec73@gmail.com','https://www.youtube.com/channel/UClZuKq2m0Qu-HkopkSBLpEw','Venezuela','Florida','Miami','2025-02-04 04:37:39',NULL,NULL,NULL,NULL),(29,1,'dios','cristo','resucitar','cristo vive','3059991745','edgarc.ec73@gmail.com','https://www.youtube.com/channel/UClZuKq2m0Qu-HkopkSBLpEw','Venezuela','Florida','Miami','2025-02-04 04:37:39',NULL,NULL,NULL,NULL),(30,1,'dios','cristo','resucitar','cristo vive','3059991745','edgarc.ec73@gmail.com','https://www.youtube.com/channel/UClZuKq2m0Qu-HkopkSBLpEw','Venezuela','Florida','Miami','2025-02-04 04:37:40',NULL,NULL,NULL,NULL),(31,1,'Edgar','Castillo','empresario','opcional','04263426543','edgarc.ec73@gmail.com','https://www.youtube.com/@DaniGamer_GG','Venezuela','Carabobo','San Diego','2025-02-04 04:59:58',NULL,NULL,NULL,NULL),(32,1,'Edgar','Castillo','empresario','opcional','04263426543','edgarc.ec73@gmail.com','https://www.youtube.com/@DaniGamer_GG','Venezuela','Carabobo','San Diego','2025-02-04 04:59:58',NULL,NULL,NULL,NULL),(33,1,'Edgar','Castillo','empresario','opcional','04263426543','edgarc.ec73@gmail.com','https://www.youtube.com/@DaniGamer_GG','Venezuela','Carabobo','San Diego','2025-02-04 05:04:14',NULL,NULL,NULL,NULL),(34,1,'Edgar','Castillo','empresario','opcional','04263426543','edgarc.ec73@gmail.com','https://www.youtube.com/@DaniGamer_GG','Venezuela','Carabobo','San Diego','2025-02-04 05:04:14',NULL,NULL,NULL,NULL),(35,1,'Edgar','Castillo','empresario','opcional','04263426543','edgarc.ec73@gmail.com','https://www.youtube.com/@DaniGamer_GG','Venezuela','Carabobo','San Diego','2025-02-04 05:04:14',NULL,NULL,NULL,NULL),(36,1,'AEREO - JRG964656 -','Edgar Castillo','Programador','opcional','3059991745','edgarc.ec73@gmail.com','https://www.youtube.com/channel/UClZuKq2m0Qu-HkopkSBLpEw','Venezuela','Florida','Miami','2025-02-04 05:07:30',NULL,NULL,NULL,NULL),(37,1,'AEREO - JRG964656 -','Edgar Castillo','Programador','opcional','3059991745','edgarc.ec73@gmail.com','https://www.youtube.com/channel/UClZuKq2m0Qu-HkopkSBLpEw','Venezuela','Florida','Miami','2025-02-04 05:13:55',NULL,NULL,NULL,NULL),(38,1,'AEREO - JRG964656 -','Edgar Castillo','Programador','opcional','3059991745','edgarc.ec73@gmail.com','https://www.youtube.com/channel/UClZuKq2m0Qu-HkopkSBLpEw','Venezuela','Florida','Miami','2025-02-04 05:13:55',NULL,NULL,NULL,NULL),(39,1,'AEREO - JRG964656 -','Edgar Castillo','Programador','opcional','3059991745','edgarc.ec73@gmail.com','https://www.youtube.com/channel/UClZuKq2m0Qu-HkopkSBLpEw','Venezuela','Florida','Miami','2025-02-04 05:13:55',NULL,NULL,NULL,NULL),(40,1,'Edgar','Castillo','kfdfh','grwg','04263426543','edgarc.ec73@gmail.com','https://www.youtube.com/channel/UClZuKq2m0Qu-HkopkSBLpEw','Venezuela','Carabobo','San Diego','2025-02-04 05:16:52',NULL,NULL,NULL,NULL),(41,1,'Edgar','Castillo','kfdfh','grwg','04263426543','edgarc.ec73@gmail.com','https://www.youtube.com/channel/UClZuKq2m0Qu-HkopkSBLpEw','Venezuela','Carabobo','San Diego','2025-02-04 05:21:34',NULL,NULL,NULL,NULL),(42,1,'Edgar','Castillo','empresario','gvtrdfvjh','04263426543','edgarc.ec73@gmail.com','https://www.youtube.com/channel/UClZuKq2m0Qu-HkopkSBLpEw','Venezuela','Carabobo','San Diego','2025-02-04 05:24:43',NULL,NULL,'',NULL),(43,1,'Edgar','Castillo','empresario','gvtrdfvjh','04263426543','edgarc.ec73@gmail.com','https://www.youtube.com/channel/UClZuKq2m0Qu-HkopkSBLpEw','Venezuela','Carabobo','San Diego','2025-02-04 05:31:34',NULL,NULL,'',NULL),(44,1,'Edgar','Castillo','empresario','gvtrdfvjh','04263426543','edgarc.ec73@gmail.com','https://www.youtube.com/channel/UClZuKq2m0Qu-HkopkSBLpEw','Venezuela','Carabobo','San Diego','2025-02-04 05:31:34',NULL,NULL,'blob:http://localhost:5173/6c2c2afa-e7f0-42a2-9fe7-0ba269d6465a',NULL),(45,1,'Edgar','Castillo','empresario','gvtrdfvjh','04263426543','edgarc.ec73@gmail.com','https://www.youtube.com/channel/UClZuKq2m0Qu-HkopkSBLpEw','Venezuela','Carabobo','San Diego','2025-02-04 05:31:34',NULL,NULL,'blob:http://localhost:5173/6c2c2afa-e7f0-42a2-9fe7-0ba269d6465a',NULL),(46,1,'Edgar','Castillo','empresario','gvtrdfvjh','04263426543','edgarc.ec73@gmail.com','https://www.youtube.com/channel/UClZuKq2m0Qu-HkopkSBLpEw','Venezuela','Carabobo','San Diego','2025-02-04 05:45:49',NULL,NULL,'blob:http://localhost:5173/6c2c2afa-e7f0-42a2-9fe7-0ba269d6465a',NULL),(47,1,'Edgar','Castillo','empresario','gvtrdfvjh','04263426543','edgarc.ec73@gmail.com','https://www.youtube.com/channel/UClZuKq2m0Qu-HkopkSBLpEw','Venezuela','Carabobo','San Diego','2025-02-04 05:45:49',NULL,NULL,'',NULL),(48,1,'Edgar','Castillo','empresario','gvtrdfvjh','04263426543','edgarc.ec73@gmail.com','https://www.youtube.com/channel/UClZuKq2m0Qu-HkopkSBLpEw','Venezuela','Carabobo','San Diego','2025-02-04 05:45:49',NULL,NULL,'blob:http://localhost:5173/6c2c2afa-e7f0-42a2-9fe7-0ba269d6465a',NULL),(49,1,'Edgar','Castillo','empresario','gvtrdfvjh','04263426543','edgarc.ec73@gmail.com','https://www.youtube.com/channel/UClZuKq2m0Qu-HkopkSBLpEw','Venezuela','Carabobo','San Diego','2025-02-04 05:45:49',NULL,NULL,'blob:http://localhost:5173/6c2c2afa-e7f0-42a2-9fe7-0ba269d6465a',NULL),(50,1,'Edgar','Castillo','empresario','gvtrdfvjh','04263426543','edgarc.ec73@gmail.com','https://www.youtube.com/channel/UClZuKq2m0Qu-HkopkSBLpEw','Venezuela','Carabobo','San Diego','2025-02-04 05:45:49',NULL,NULL,'blob:http://localhost:5173/6c2c2afa-e7f0-42a2-9fe7-0ba269d6465a',NULL),(51,1,'Edgar','Castillo','empresario','gvtrdfvjh','04263426543','edgarc.ec73@gmail.com','https://www.youtube.com/channel/UClZuKq2m0Qu-HkopkSBLpEw','Venezuela','Carabobo','San Diego','2025-02-04 05:45:49',NULL,NULL,'blob:http://localhost:5173/6c2c2afa-e7f0-42a2-9fe7-0ba269d6465a',NULL),(52,1,'Edgar','Castillo','empresario','gvtrdfvjh','04263426543','edgarc.ec73@gmail.com','https://www.youtube.com/channel/UClZuKq2m0Qu-HkopkSBLpEw','Venezuela','Carabobo','San Diego','2025-02-04 05:45:49',NULL,NULL,'blob:http://localhost:5173/6c2c2afa-e7f0-42a2-9fe7-0ba269d6465a',NULL),(53,1,'Edgar','Castillo','Programador','Lorem ipsum dolor sit amet, consectetur adipiscing elit.\nVestibulum sit amet quam rhoncus, egestas dui eget, malesuada\njusto. Ut aliquam augue. Consectetur adipiscing elit. Vestibulum\nsit amet quam rhoncus, egestas dui eget, malesuada justo.\n','04263426543','edgarc.ec73@gmail.com','https://www.youtube.com/channel/UClZuKq2m0Qu-HkopkSBLpEw','Venezuela','Carabobo','San Diego','2025-02-04 06:14:43',NULL,NULL,'',NULL),(54,1,'AEREO - JRG964656 -','Edgar Castillo','Programador','Lorem ipsum dolor sit amet, consectetur adipiscing elit.\nVestibulum sit amet quam rhoncus, egestas dui eget, malesuada\njusto. Ut aliquam augue. Consectetur adipiscing elit. Vestibulum\nsit amet quam rhoncus, egestas dui eget, malesuada justo.','3059991745','edgarc.ec73@gmail.com','https://www.youtube.com/channel/UClZuKq2m0Qu-HkopkSBLpEw','Venezuela','Florida','Miami','2025-02-04 16:49:07',NULL,NULL,'',NULL),(55,1,'AEREO - JRG964656 -','Edgar Castillo','Programador','Lorem ipsum dolor sit amet, consectetur adipiscing elit.\nVestibulum sit amet quam rhoncus, egestas dui eget, malesuada\njusto. Ut aliquam augue. Consectetur adipiscing elit. Vestibulum\nsit amet quam rhoncus, egestas dui eget, malesuada justo.','3059991745','edgarc.ec73@gmail.com','https://www.youtube.com/channel/UClZuKq2m0Qu-HkopkSBLpEw','Venezuela','Florida','Miami','2025-02-04 17:10:24',NULL,NULL,'',NULL),(56,1,'AEREO - JRG964656 -','Edgar Castillo','Programador','Lorem ipsum dolor sit amet, consectetur adipiscing elit.\nVestibulum sit amet quam rhoncus, egestas dui eget, malesuada\njusto. Ut aliquam augue. Consectetur adipiscing elit. Vestibulum\nsit amet quam rhoncus, egestas dui eget, malesuada justo.','3059991745','edgarc.ec73@gmail.com','https://www.youtube.com/channel/UClZuKq2m0Qu-HkopkSBLpEw','Venezuela','Florida','Miami','2025-02-04 17:10:24',NULL,NULL,'blob:http://localhost:5173/79f72c83-26e9-46b0-a469-3915930e6fc9',NULL),(57,1,'AEREO - JRG964656 -','Edgar Castillo','Programador','Lorem ipsum dolor sit amet, consectetur adipiscing elit.\nVestibulum sit amet quam rhoncus, egestas dui eget, malesuada\njusto. Ut aliquam augue. Consectetur adipiscing elit. Vestibulum\nsit amet quam rhoncus, egestas dui eget, malesuada justo.','3059991745','edgarc.ec73@gmail.com','https://www.youtube.com/channel/UClZuKq2m0Qu-HkopkSBLpEw','Venezuela','Florida','Miami','2025-02-04 17:10:24',NULL,NULL,'blob:http://localhost:5173/79f72c83-26e9-46b0-a469-3915930e6fc9',NULL),(58,1,'AEREO - JRG964656 -','Edgar Castillo','Programador','Lorem ipsum dolor sit amet, consectetur adipiscing elit.\nVestibulum sit amet quam rhoncus, egestas dui eget, malesuada\njusto. Ut aliquam augue. Consectetur adipiscing elit. Vestibulum\nsit amet quam rhoncus, egestas dui eget, malesuada justo.','3059991745','edgarc.ec73@gmail.com','https://www.youtube.com/channel/UClZuKq2m0Qu-HkopkSBLpEw','Venezuela','Florida','Miami','2025-02-04 17:10:24',NULL,NULL,'blob:http://localhost:5173/79f72c83-26e9-46b0-a469-3915930e6fc9',NULL),(59,1,'Edgar','Castillo','Programador','Lorem ipsum dolor sit amet, consectetur adipiscing elit.\nVestibulum sit amet quam rhoncus, egestas dui eget, malesuada\njusto. Ut aliquam augue. Consectetur adipiscing elit. Vestibulum\nsit amet quam rhoncus, egestas dui eget, malesuada justo.','04263426543','edgarc.ec73@gmail.com','https://www.youtube.com/@DaniGamer_GG','Venezuela','Carabobo','San Diego','2025-02-04 17:50:24',NULL,NULL,'',NULL),(60,1,'Edgar','Castillo','Programador','Lorem ipsum dolor sit amet, consectetur adipiscing elit.\nVestibulum sit amet quam rhoncus, egestas dui eget, malesuada\njusto. Ut aliquam augue. Consectetur adipiscing elit. Vestibulum\nsit amet quam rhoncus, egestas dui eget, malesuada justo.','04263426543','edgarc.ec73@gmail.com','https://www.youtube.com/@DaniGamer_GG','Venezuela','Carabobo','San Diego','2025-02-04 17:50:24',NULL,NULL,'blob:http://localhost:5173/c99c6bb8-c41e-4ded-9ab9-2001df83c903',NULL),(61,1,'Edgar','Castillo','Programador','Lorem ipsum dolor sit amet, consectetur adipiscing elit.\nVestibulum sit amet quam rhoncus, egestas dui eget, malesuada\njusto. Ut aliquam augue. Consectetur adipiscing elit. Vestibulum\nsit amet quam rhoncus, egestas dui eget, malesuada justo.','04263426543','edgarc.ec73@gmail.com','https://www.youtube.com/@DaniGamer_GG','Venezuela','Carabobo','San Diego','2025-02-04 17:50:24',NULL,NULL,'blob:http://localhost:5173/c99c6bb8-c41e-4ded-9ab9-2001df83c903',NULL),(62,1,'AEREO - JRG964656 -','Edgar Castillo','cantante','Lorem ipsum dolor sit amet, consectetur adipiscing elit. Vestibulum\nsit amet dui elit quam rhoncus, egestas dui eget, malesuada justo.\nUt aliquam augue.','3059991745','edgarc.ec73@gmail.com','https://www.youtube.com/channel/UClZuKq2m0Qu-HkopkSBLpEw','Venezuela','Florida','Miami','2025-02-04 18:01:00',NULL,NULL,'',NULL),(63,1,'AEREO - JRG964656 -','Edgar Castillo','cantante','Lorem ipsum dolor sit amet, consectetur adipiscing elit. Vestibulum\nsit amet dui elit quam rhoncus, egestas dui eget, malesuada justo.\nUt aliquam augue.','3059991745','edgarc.ec73@gmail.com','https://www.youtube.com/channel/UClZuKq2m0Qu-HkopkSBLpEw','Venezuela','Florida','Miami','2025-02-04 18:01:36',NULL,NULL,'',NULL),(64,1,'Edgar','Castillo','resucitar','Lorem ipsum dolor sit amet, consectetur adipiscing elit. Vestibulum\nsit amet dui elit quam rhoncus, egestas dui eget, malesuada justo.\nUt aliquam augue.','04263426543','edgarc.ec73@gmail.com','https://www.youtube.com/channel/UClZuKq2m0Qu-HkopkSBLpEw','Venezuela','Carabobo','San Diego','2025-02-04 18:38:40',NULL,NULL,'',NULL),(65,1,'Edgar','Castillo','resucitar','Lorem ipsum dolor sit amet, consectetur adipiscing elit. Vestibulum\nsit amet dui elit quam rhoncus, egestas dui eget, malesuada justo.\nUt aliquam augue.','04263426543','edgarc.ec73@gmail.com','https://www.youtube.com/channel/UClZuKq2m0Qu-HkopkSBLpEw','Venezuela','Carabobo','San Diego','2025-02-04 18:42:10',NULL,NULL,'blob:http://localhost:5173/db63e415-23e5-45b7-89fb-1f0862a9d98e',NULL),(66,1,'Edgar','Castillo','resucitar','Lorem ipsum dolor sit amet, consectetur adipiscing elit. Vestibulum\nsit amet dui elit quam rhoncus, egestas dui eget, malesuada justo.\nUt aliquam augue.','04263426543','edgarc.ec73@gmail.com','https://www.youtube.com/channel/UClZuKq2m0Qu-HkopkSBLpEw','Venezuela','Carabobo','San Diego','2025-02-04 18:42:10',NULL,NULL,'',NULL),(67,1,'Edgar','Castillo','resucitar','Lorem ipsum dolor sit amet, consectetur adipiscing elit. Vestibulum\nsit amet dui elit quam rhoncus, egestas dui eget, malesuada justo.\nUt aliquam augue.','04263426543','edgarc.ec73@gmail.com','https://www.youtube.com/channel/UClZuKq2m0Qu-HkopkSBLpEw','Venezuela','Carabobo','San Diego','2025-02-04 18:42:10',NULL,NULL,'blob:http://localhost:5173/db63e415-23e5-45b7-89fb-1f0862a9d98e',NULL),(68,1,'Edgar','Castillo','resucitar','Lorem ipsum dolor sit amet, consectetur adipiscing elit. Vestibulum\nsit amet dui elit quam rhoncus, egestas dui eget, malesuada justo.\nUt aliquam augue.','04263426543','edgarc.ec73@gmail.com','https://www.youtube.com/channel/UClZuKq2m0Qu-HkopkSBLpEw','Venezuela','Carabobo','San Diego','2025-02-04 18:42:10',NULL,NULL,'blob:http://localhost:5173/db63e415-23e5-45b7-89fb-1f0862a9d98e',NULL),(69,1,'Edgar','Castillo','resucitar','Lorem ipsum dolor sit amet, consectetur adipiscing elit. Vestibulum\nsit amet dui elit quam rhoncus, egestas dui eget, malesuada justo.\nUt aliquam augue.','04263426543','edgarc.ec73@gmail.com','https://www.youtube.com/channel/UClZuKq2m0Qu-HkopkSBLpEw','Venezuela','Carabobo','San Diego','2025-02-04 18:42:52',NULL,NULL,'',NULL),(70,1,'Edgar','Castillo','resucitar','Lorem ipsum dolor sit amet, consectetur adipiscing elit. Vestibulum\nsit amet dui elit quam rhoncus, egestas dui eget, malesuada justo.\nUt aliquam augue.','04263426543','edgarc.ec73@gmail.com','https://www.youtube.com/channel/UClZuKq2m0Qu-HkopkSBLpEw','Venezuela','Carabobo','San Diego','2025-02-04 18:42:52',NULL,NULL,'blob:http://localhost:5173/db63e415-23e5-45b7-89fb-1f0862a9d98e',NULL),(71,1,'Edgar','Castillo','resucitar','Lorem ipsum dolor sit amet, consectetur adipiscing elit. Vestibulum\nsit amet dui elit quam rhoncus, egestas dui eget, malesuada justo.\nUt aliquam augue.','04263426543','edgarc.ec73@gmail.com','https://www.youtube.com/channel/UClZuKq2m0Qu-HkopkSBLpEw','Venezuela','Carabobo','San Diego','2025-02-04 18:42:52',NULL,NULL,'blob:http://localhost:5173/db63e415-23e5-45b7-89fb-1f0862a9d98e',NULL),(72,1,'Edgar','Castillo','resucitar','Lorem ipsum dolor sit amet, consectetur adipiscing elit. Vestibulum\nsit amet dui elit quam rhoncus, egestas dui eget, malesuada justo.\nUt aliquam augue.','04263426543','edgarc.ec73@gmail.com','https://www.youtube.com/channel/UClZuKq2m0Qu-HkopkSBLpEw','Venezuela','Carabobo','San Diego','2025-02-04 18:42:52',NULL,NULL,'blob:http://localhost:5173/db63e415-23e5-45b7-89fb-1f0862a9d98e',NULL),(73,1,'Edgar','Castillo','resucitar','Lorem ipsum dolor sit amet, consectetur adipiscing elit. Vestibulum\nsit amet dui elit quam rhoncus, egestas dui eget, malesuada justo.\nUt aliquam augue.','04263426543','edgarc.ec73@gmail.com','https://www.youtube.com/channel/UClZuKq2m0Qu-HkopkSBLpEw','Venezuela','Carabobo','San Diego','2025-02-04 18:47:49',NULL,NULL,'',NULL),(74,1,'Edgar','Castillo','resucitar','Lorem ipsum dolor sit amet, consectetur adipiscing elit. Vestibulum\nsit amet dui elit quam rhoncus, egestas dui eget, malesuada justo.\nUt aliquam augue.','04263426543','edgarc.ec73@gmail.com','https://www.youtube.com/channel/UClZuKq2m0Qu-HkopkSBLpEw','Venezuela','Carabobo','San Diego','2025-02-04 18:47:49',NULL,NULL,'blob:http://localhost:5173/db63e415-23e5-45b7-89fb-1f0862a9d98e',NULL),(75,1,'Edgar','Castillo','resucitar','Lorem ipsum dolor sit amet, consectetur adipiscing elit. Vestibulum\nsit amet dui elit quam rhoncus, egestas dui eget, malesuada justo.\nUt aliquam augue.','04263426543','edgarc.ec73@gmail.com','https://www.youtube.com/channel/UClZuKq2m0Qu-HkopkSBLpEw','Venezuela','Carabobo','San Diego','2025-02-04 18:47:49',NULL,NULL,'blob:http://localhost:5173/db63e415-23e5-45b7-89fb-1f0862a9d98e',NULL),(76,1,'Edgar','Castillo','resucitar','Lorem ipsum dolor sit amet, consectetur adipiscing elit. Vestibulum\nsit amet dui elit quam rhoncus, egestas dui eget, malesuada justo.\nUt aliquam augue.','04263426543','edgarc.ec73@gmail.com','https://www.youtube.com/channel/UClZuKq2m0Qu-HkopkSBLpEw','Venezuela','Carabobo','San Diego','2025-02-04 18:47:49',NULL,NULL,'blob:http://localhost:5173/db63e415-23e5-45b7-89fb-1f0862a9d98e',NULL),(77,1,'Edgar','Castillo','resucitar','Lorem ipsum dolor sit amet, consectetur adipiscing elit. Vestibulum\nsit amet dui elit quam rhoncus, egestas dui eget, malesuada justo.\nUt aliquam augue.','04263426543','edgarc.ec73@gmail.com','https://www.youtube.com/channel/UClZuKq2m0Qu-HkopkSBLpEw','Venezuela','Carabobo','San Diego','2025-02-04 18:47:49',NULL,NULL,'blob:http://localhost:5173/db63e415-23e5-45b7-89fb-1f0862a9d98e',NULL),(78,1,'Edgar','Castillo','resucitar','Lorem ipsum dolor sit amet, consectetur adipiscing elit. Vestibulum\nsit amet dui elit quam rhoncus, egestas dui eget, malesuada justo.\nUt aliquam augue.','04263426543','edgarc.ec73@gmail.com','https://www.youtube.com/channel/UClZuKq2m0Qu-HkopkSBLpEw','Venezuela','Carabobo','San Diego','2025-02-04 18:47:49',NULL,NULL,'blob:http://localhost:5173/db63e415-23e5-45b7-89fb-1f0862a9d98e',NULL),(79,1,'Edgar','Castillo','resucitar','Lorem ipsum dolor sit amet, consectetur adipiscing elit. Vestibulum\nsit amet dui elit quam rhoncus, egestas dui eget, malesuada justo.\nUt aliquam augue.','04263426543','edgarc.ec73@gmail.com','https://www.youtube.com/channel/UClZuKq2m0Qu-HkopkSBLpEw','Venezuela','Carabobo','San Diego','2025-02-04 18:47:49',NULL,NULL,'blob:http://localhost:5173/db63e415-23e5-45b7-89fb-1f0862a9d98e',NULL),(80,1,'Edgar','Castillo','resucitar','Lorem ipsum dolor sit amet, consectetur adipiscing elit. Vestibulum\nsit amet dui elit quam rhoncus, egestas dui eget, malesuada justo.\nUt aliquam augue.','04263426543','edgarc.ec73@gmail.com','https://www.youtube.com/channel/UClZuKq2m0Qu-HkopkSBLpEw','Venezuela','Carabobo','San Diego','2025-02-04 18:49:07',NULL,NULL,'',NULL),(81,1,'Edgar','Castillo','resucitar','Lorem ipsum dolor sit amet, consectetur adipiscing elit. Vestibulum\nsit amet dui elit quam rhoncus, egestas dui eget, malesuada justo.\nUt aliquam augue.','04263426543','edgarc.ec73@gmail.com','https://www.youtube.com/channel/UClZuKq2m0Qu-HkopkSBLpEw','Venezuela','Carabobo','San Diego','2025-02-04 18:49:07',NULL,NULL,'blob:http://localhost:5173/db63e415-23e5-45b7-89fb-1f0862a9d98e',NULL),(82,1,'Edgar','Castillo','resucitar','Lorem ipsum dolor sit amet, consectetur adipiscing elit. Vestibulum\nsit amet dui elit quam rhoncus, egestas dui eget, malesuada justo.\nUt aliquam augue.','04263426543','edgarc.ec73@gmail.com','https://www.youtube.com/channel/UClZuKq2m0Qu-HkopkSBLpEw','Venezuela','Carabobo','San Diego','2025-02-04 18:49:07',NULL,NULL,'blob:http://localhost:5173/db63e415-23e5-45b7-89fb-1f0862a9d98e',NULL),(83,1,'Edgar','Castillo','resucitar','Lorem ipsum dolor sit amet, consectetur adipiscing elit. Vestibulum\nsit amet dui elit quam rhoncus, egestas dui eget, malesuada justo.\nUt aliquam augue.','04263426543','edgarc.ec73@gmail.com','https://www.youtube.com/channel/UClZuKq2m0Qu-HkopkSBLpEw','Venezuela','Carabobo','San Diego','2025-02-04 18:49:07',NULL,NULL,'blob:http://localhost:5173/db63e415-23e5-45b7-89fb-1f0862a9d98e',NULL),(84,1,'Edgar','Castillo','resucitar','Lorem ipsum dolor sit amet, consectetur adipiscing elit. Vestibulum\nsit amet dui elit quam rhoncus, egestas dui eget, malesuada justo.\nUt aliquam augue.','04263426543','edgarc.ec73@gmail.com','https://www.youtube.com/channel/UClZuKq2m0Qu-HkopkSBLpEw','Venezuela','Carabobo','San Diego','2025-02-04 18:49:07',NULL,NULL,'blob:http://localhost:5173/db63e415-23e5-45b7-89fb-1f0862a9d98e',NULL),(85,1,'Edgar','Castillo','resucitar','Lorem ipsum dolor sit amet, consectetur adipiscing elit. Vestibulum\nsit amet dui elit quam rhoncus, egestas dui eget, malesuada justo.\nUt aliquam augue.','04263426543','edgarc.ec73@gmail.com','https://www.youtube.com/channel/UClZuKq2m0Qu-HkopkSBLpEw','Venezuela','Carabobo','San Diego','2025-02-04 18:49:07',NULL,NULL,'blob:http://localhost:5173/db63e415-23e5-45b7-89fb-1f0862a9d98e',NULL),(86,1,'Edgar','Castillo','resucitar','Lorem ipsum dolor sit amet, consectetur adipiscing elit. Vestibulum\nsit amet dui elit quam rhoncus, egestas dui eget, malesuada justo.\nUt aliquam augue.','04263426543','edgarc.ec73@gmail.com','https://www.youtube.com/channel/UClZuKq2m0Qu-HkopkSBLpEw','Venezuela','Carabobo','San Diego','2025-02-04 18:49:07',NULL,NULL,'blob:http://localhost:5173/db63e415-23e5-45b7-89fb-1f0862a9d98e',NULL),(87,1,'Edgar','Castillo','Programador','Lorem ipsum dolor sit amet, consectetur adipiscing elit. Vestibulum\nsit amet dui elit quam rhoncus, egestas dui eget, malesuada justo.\nUt aliquam augue.','04263426543','edgarc.ec73@gmail.com','https://www.youtube.com/channel/UClZuKq2m0Qu-HkopkSBLpEw','Venezuela','Carabobo','San Diego','2025-02-04 19:35:10',NULL,NULL,'',NULL),(88,1,'Edgar','Castillo','cantante','','04263426543','edgarc.ec73@gmail.com','https://www.youtube.com/channel/UClZuKq2m0Qu-HkopkSBLpEw','Venezuela','Carabobo','San Diego','2025-02-04 21:40:49',NULL,NULL,'',NULL),(89,1,'AEREO - JRG964656 -','Edgar Castillo','Programador','Lorem ipsum dolor sit amet, consectetur adipiscing elit. Vestibulum\nsit amet dui elit quam rhoncus, egestas dui eget, malesuada justo.\nUt aliquam augue.','3059991745','edgarc.ec73@gmail.com','https://www.youtube.com/@DaniGamer_GG','Venezuela','Florida','Miami','2025-02-04 22:42:05',NULL,NULL,'',NULL),(90,1,'AEREO - JRG964656 -','Edgar Castillo','Programador','Lorem ipsum dolor sit amet, consectetur adipiscing elit. Vestibulum\nsit amet dui elit quam rhoncus, egestas dui eget, malesuada justo.\nUt aliquam augue.','3059991745','edgarc.ec73@gmail.com','https://www.youtube.com/@DaniGamer_GG','Venezuela','Carabobo','San Diego','2025-02-04 23:14:36',NULL,NULL,'',NULL),(91,1,'AEREO - JRG964656 -','Edgar Castillo','Programador','Lorem ipsum dolor sit amet, consectetur adipiscing elit. Vestibulum\nsit amet dui elit quam rhoncus, egestas dui eget, malesuada justo.\nUt aliquam augue.','3059991745','edgarc.ec73@gmail.com','https://www.youtube.com/@DaniGamer_GG','','','','2025-02-04 23:16:08',NULL,NULL,'',NULL),(92,1,'AEREO - JRG964656 -','Edgar Castillo','Programador','Lorem ipsum dolor sit amet, consectetur adipiscing elit. Vestibulum\nsit amet dui elit quam rhoncus, egestas dui eget, malesuada justo.\nUt aliquam augue.','3059991745','edgarc.ec73@gmail.com','https://www.youtube.com/@DaniGamer_GG','','','','2025-02-04 23:16:56',NULL,NULL,'',NULL);
/*!40000 ALTER TABLE `profiles` ENABLE KEYS */;
UNLOCK TABLES;

--
-- Table structure for table `skills`
--

DROP TABLE IF EXISTS `skills`;
/*!40101 SET @saved_cs_client     = @@character_set_client */;
/*!50503 SET character_set_client = utf8mb4 */;
CREATE TABLE `skills` (
  `id` int NOT NULL AUTO_INCREMENT,
  `profile_id` int NOT NULL,
  `skill` varchar(100) DEFAULT NULL,
  `level` int DEFAULT NULL,
  PRIMARY KEY (`id`),
  KEY `profile_id` (`profile_id`),
  CONSTRAINT `skills_ibfk_1` FOREIGN KEY (`profile_id`) REFERENCES `profiles` (`id`) ON DELETE CASCADE
) ENGINE=InnoDB AUTO_INCREMENT=130 DEFAULT CHARSET=utf8mb4 COLLATE=utf8mb4_0900_ai_ci;
/*!40101 SET character_set_client = @saved_cs_client */;

--
-- Dumping data for table `skills`
--

LOCK TABLES `skills` WRITE;
/*!40000 ALTER TABLE `skills` DISABLE KEYS */;
INSERT INTO `skills` VALUES (1,17,'ej habilidad',0),(2,22,'soy habilidoso',2),(3,23,'soy habilidoso',2),(4,24,'ankara messi',5),(5,25,'ankara messi',5),(6,26,'ankara messi',5),(7,27,'mu',5),(8,28,'curar',4),(9,29,'curar',4),(10,30,'curar',4),(11,31,'vamos',5),(12,32,'vamos',5),(13,33,'vamos',0),(14,34,'vamos',0),(15,35,'vamos',0),(16,36,'curar',2),(17,37,'curar',0),(18,38,'curar',0),(19,39,'curar',0),(20,40,'curar',5),(21,41,'curar',5),(22,42,'vamos',5),(23,43,'vamos',0),(24,44,'vamos',0),(25,45,'vamos',0),(26,46,'vamos',0),(27,47,'vamos',0),(28,48,'vamos',0),(29,49,'vamos',0),(30,50,'vamos',0),(31,51,'vamos',0),(32,52,'vamos',0),(33,53,'ej habilidad',0),(34,54,'liderazgo',0),(35,54,'creatividad',0),(36,54,'analisis critico',0),(37,54,'eficiencia',0),(38,55,'vamos',0),(39,55,'liderazgo',0),(40,55,'curar',0),(41,55,'ej habilidad',0),(42,56,'vamos',0),(43,56,'liderazgo',0),(44,56,'curar',0),(45,56,'ej habilidad',0),(46,57,'vamos',0),(47,57,'liderazgo',0),(48,57,'curar',0),(49,57,'ej habilidad',0),(50,58,'vamos',0),(51,58,'liderazgo',0),(52,58,'curar',0),(53,58,'ej habilidad',0),(54,59,'liderazgo',0),(55,59,'vamos',0),(56,59,'curar',0),(57,59,'mu',0),(58,60,'liderazgo',0),(59,60,'vamos',0),(60,60,'curar',0),(61,60,'mu',0),(62,61,'liderazgo',0),(63,61,'vamos',0),(64,61,'curar',0),(65,61,'mu',0),(66,62,'dvdg',100),(67,63,'companerismo',60),(68,64,'curar',0),(69,65,'curar',0),(70,65,'ej habilidad',0),(71,66,'curar',0),(72,66,'ej habilidad',0),(73,67,'curar',0),(74,67,'ej habilidad',0),(75,68,'curar',0),(76,68,'ej habilidad',0),(77,69,'curar',0),(78,70,'curar',0),(79,71,'curar',0),(80,72,'curar',0),(81,73,'curar',60),(82,73,'liderazgo',80),(83,74,'curar',60),(84,74,'liderazgo',80),(85,75,'curar',60),(86,75,'liderazgo',80),(87,76,'curar',60),(88,76,'liderazgo',80),(89,77,'curar',60),(90,77,'liderazgo',80),(91,78,'curar',60),(92,78,'liderazgo',80),(93,79,'curar',60),(94,79,'liderazgo',80),(95,80,'curar',60),(96,80,'liderazgo',80),(97,80,'siuuuuuu',40),(98,81,'curar',60),(99,81,'liderazgo',80),(100,81,'siuuuuuu',40),(101,82,'curar',60),(102,82,'liderazgo',80),(103,82,'siuuuuuu',40),(104,83,'curar',60),(105,83,'liderazgo',80),(106,83,'siuuuuuu',40),(107,84,'curar',60),(108,84,'liderazgo',80),(109,84,'siuuuuuu',40),(110,85,'curar',60),(111,85,'liderazgo',80),(112,85,'siuuuuuu',40),(113,86,'curar',60),(114,86,'liderazgo',80),(115,86,'siuuuuuu',40),(116,87,'liderazgo',100),(117,87,'creatividad ',60),(118,87,'Analisis critico',80),(119,87,'Eficiencia',100),(120,88,'curar',100),(121,88,'mu',60),(122,89,'liderazgo',80),(123,89,'Analisis critico',100),(124,90,'liderazgo',80),(125,90,'Analisis critico',100),(126,91,'liderazgo',80),(127,91,'Analisis critico',100),(128,92,'liderazgo',80),(129,92,'Analisis critico',100);
/*!40000 ALTER TABLE `skills` ENABLE KEYS */;
UNLOCK TABLES;

--
-- Table structure for table `users`
--

DROP TABLE IF EXISTS `users`;
/*!40101 SET @saved_cs_client     = @@character_set_client */;
/*!50503 SET character_set_client = utf8mb4 */;
CREATE TABLE `users` (
  `id` int NOT NULL AUTO_INCREMENT,
  `email` varchar(100) NOT NULL,
  `password` varchar(255) NOT NULL,
  `created_at` timestamp NULL DEFAULT CURRENT_TIMESTAMP,
  PRIMARY KEY (`id`),
  UNIQUE KEY `email` (`email`)
) ENGINE=InnoDB AUTO_INCREMENT=3 DEFAULT CHARSET=utf8mb4 COLLATE=utf8mb4_0900_ai_ci;
/*!40101 SET character_set_client = @saved_cs_client */;

--
-- Dumping data for table `users`
--

LOCK TABLES `users` WRITE;
/*!40000 ALTER TABLE `users` DISABLE KEYS */;
INSERT INTO `users` VALUES (1,'edgarc.ec73@gmail.com','$2b$10$qaX2Iv2m0osFip1xGUO3eu1UB1sCRdj.oYJ3FiA1Kx3Ui5U0zdXuK','2025-02-03 23:22:21'),(2,'a@gmail.com','$2b$10$MKx8cWATUyglMS6WxJC6leweEdDqtAnspwU8nmn/DcBtsKSZeMRl2','2025-02-03 23:24:37');
/*!40000 ALTER TABLE `users` ENABLE KEYS */;
UNLOCK TABLES;

--
-- Table structure for table `work_experience`
--

DROP TABLE IF EXISTS `work_experience`;
/*!40101 SET @saved_cs_client     = @@character_set_client */;
/*!50503 SET character_set_client = utf8mb4 */;
CREATE TABLE `work_experience` (
  `id` int NOT NULL AUTO_INCREMENT,
  `profile_id` int NOT NULL,
  `start_year` varchar(4) DEFAULT NULL,
  `end_year` varchar(4) DEFAULT NULL,
  `title` varchar(100) DEFAULT NULL,
  `description` text,
  PRIMARY KEY (`id`),
  KEY `profile_id` (`profile_id`),
  CONSTRAINT `work_experience_ibfk_1` FOREIGN KEY (`profile_id`) REFERENCES `profiles` (`id`) ON DELETE CASCADE
) ENGINE=InnoDB AUTO_INCREMENT=100 DEFAULT CHARSET=utf8mb4 COLLATE=utf8mb4_0900_ai_ci;
/*!40101 SET character_set_client = @saved_cs_client */;

--
-- Dumping data for table `work_experience`
--

LOCK TABLES `work_experience` WRITE;
/*!40000 ALTER TABLE `work_experience` DISABLE KEYS */;
INSERT INTO `work_experience` VALUES (1,17,'2018','2024','programador','ej el'),(2,22,'2018','2024','programador','ej el'),(3,23,'2018','2024','programador','ej el'),(4,24,'2004','2024','futbolista','barca'),(5,25,'2004','2024','futbolista','barca'),(6,26,'2004','2024','futbolista','barca'),(7,27,'2002','2024','goleador','siuuuuu'),(8,28,'2000','2024','programador','rey'),(9,29,'2000','2024','programador','rey'),(10,30,'2000','2024','programador','rey'),(11,31,'2008','2019','opcional','opcional'),(12,32,'2008','2019','opcional','opcional'),(13,33,'2008','2019','opcional','opcional'),(14,34,'2008','2019','opcional','opcional'),(15,35,'2008','2019','opcional','opcional'),(16,36,'2008','2019','cantautor','opcional'),(17,37,'2008','2019','cantautor','opcional'),(18,38,'2008','2019','cantautor','opcional'),(19,39,'2008','2019','cantautor','opcional'),(20,40,'2000','2003','cantautor','fvbfdbf'),(21,41,'2000','2003','cantautor','fvbfdbf'),(22,42,'2000','2001','programador','ghcdfghjm,'),(23,43,'2000','2001','programador','ghcdfghjm,'),(24,44,'2000','2001','programador','ghcdfghjm,'),(25,45,'2000','2001','programador','ghcdfghjm,'),(26,46,'2000','2001','programador','ghcdfghjm,'),(27,47,'2000','2001','programador','ghcdfghjm,'),(28,48,'2000','2001','programador','ghcdfghjm,'),(29,49,'2000','2001','programador','ghcdfghjm,'),(30,50,'2000','2001','programador','ghcdfghjm,'),(31,51,'2000','2001','programador','ghcdfghjm,'),(32,52,'2000','2001','programador','ghcdfghjm,'),(33,53,'2000','2001','programador','Lorem ipsum dolor sit amet, consectetur adipiscing elit. Vestibulum\nsit amet dui elit quam rhoncus, egestas dui eget, malesuada justo.\nUt aliquam augue'),(34,54,'2019','2023','Multinacional González','Lorem ipsum dolor sit amet, consectetur adipiscing elit. Vestibulum\nsit amet dui elit quam rhoncus, egestas dui eget, malesuada justo.\nUt aliquam augue.'),(35,54,'2015','2019','Álvarez y asociados','Lorem ipsum dolor sit amet, consectetur adipiscing elit. Vestibulum\nsit amet dui elit quam rhoncus, egestas dui eget, malesuada justo.\nUt aliquam augue.'),(36,54,'2014','2015','Industrias Ariova','Lorem ipsum dolor sit amet, consectetur adipiscing elit. Vestibulum\nsit amet dui elit quam rhoncus, egestas dui eget, malesuada justo.\nUt aliquam augue.'),(37,54,'2012','2014','Rimberio y asociados','Lorem ipsum dolor sit amet, consectetur adipiscing elit. Vestibulum\nsit amet dui elit quam rhoncus, egestas dui eget, malesuada justo.\nUt aliquam augue.'),(38,55,'2019','2023','Multinacional González','Lorem ipsum dolor sit amet, consectetur adipiscing elit. Vestibulum\nsit amet dui elit quam rhoncus, egestas dui eget, malesuada justo.\nUt aliquam augue.'),(39,55,'2015','2019','Álvarez y asociados','Lorem ipsum dolor sit amet, consectetur adipiscing elit. Vestibulum\nsit amet dui elit quam rhoncus, egestas dui eget, malesuada justo.\nUt aliquam augue.'),(40,55,'2014','2015','Industrias Ariova','Lorem ipsum dolor sit amet, consectetur adipiscing elit. Vestibulum\nsit amet dui elit quam rhoncus, egestas dui eget, malesuada justo.\nUt aliquam augue.'),(41,55,'2012','2014','Rimberio y asociados','Lorem ipsum dolor sit amet, consectetur adipiscing elit. Vestibulum\nsit amet dui elit quam rhoncus, egestas dui eget, malesuada justo.\nUt aliquam augue.'),(42,56,'2019','2023','Multinacional González','Lorem ipsum dolor sit amet, consectetur adipiscing elit. Vestibulum\nsit amet dui elit quam rhoncus, egestas dui eget, malesuada justo.\nUt aliquam augue.'),(43,56,'2015','2019','Álvarez y asociados','Lorem ipsum dolor sit amet, consectetur adipiscing elit. Vestibulum\nsit amet dui elit quam rhoncus, egestas dui eget, malesuada justo.\nUt aliquam augue.'),(44,56,'2014','2015','Industrias Ariova','Lorem ipsum dolor sit amet, consectetur adipiscing elit. Vestibulum\nsit amet dui elit quam rhoncus, egestas dui eget, malesuada justo.\nUt aliquam augue.'),(45,56,'2012','2014','Rimberio y asociados','Lorem ipsum dolor sit amet, consectetur adipiscing elit. Vestibulum\nsit amet dui elit quam rhoncus, egestas dui eget, malesuada justo.\nUt aliquam augue.'),(46,57,'2019','2023','Multinacional González','Lorem ipsum dolor sit amet, consectetur adipiscing elit. Vestibulum\nsit amet dui elit quam rhoncus, egestas dui eget, malesuada justo.\nUt aliquam augue.'),(47,57,'2015','2019','Álvarez y asociados','Lorem ipsum dolor sit amet, consectetur adipiscing elit. Vestibulum\nsit amet dui elit quam rhoncus, egestas dui eget, malesuada justo.\nUt aliquam augue.'),(48,57,'2014','2015','Industrias Ariova','Lorem ipsum dolor sit amet, consectetur adipiscing elit. Vestibulum\nsit amet dui elit quam rhoncus, egestas dui eget, malesuada justo.\nUt aliquam augue.'),(49,57,'2012','2014','Rimberio y asociados','Lorem ipsum dolor sit amet, consectetur adipiscing elit. Vestibulum\nsit amet dui elit quam rhoncus, egestas dui eget, malesuada justo.\nUt aliquam augue.'),(50,58,'2019','2023','Multinacional González','Lorem ipsum dolor sit amet, consectetur adipiscing elit. Vestibulum\nsit amet dui elit quam rhoncus, egestas dui eget, malesuada justo.\nUt aliquam augue.'),(51,58,'2015','2019','Álvarez y asociados','Lorem ipsum dolor sit amet, consectetur adipiscing elit. Vestibulum\nsit amet dui elit quam rhoncus, egestas dui eget, malesuada justo.\nUt aliquam augue.'),(52,58,'2014','2015','Industrias Ariova','Lorem ipsum dolor sit amet, consectetur adipiscing elit. Vestibulum\nsit amet dui elit quam rhoncus, egestas dui eget, malesuada justo.\nUt aliquam augue.'),(53,58,'2012','2014','Rimberio y asociados','Lorem ipsum dolor sit amet, consectetur adipiscing elit. Vestibulum\nsit amet dui elit quam rhoncus, egestas dui eget, malesuada justo.\nUt aliquam augue.'),(54,59,'2019','2023','Multinacional González','Lorem ipsum dolor sit amet, consectetur adipiscing elit. Vestibulum\nsit amet dui elit quam rhoncus, egestas dui eget, malesuada justo.\nUt aliquam augue.'),(55,59,'2015','2019','Industrias Ariova','Lorem ipsum dolor sit amet, consectetur adipiscing elit. Vestibulum\nsit amet dui elit quam rhoncus, egestas dui eget, malesuada justo.\nUt aliquam augue.'),(56,59,'2014','2015','Álvarez y asociados','Lorem ipsum dolor sit amet, consectetur adipiscing elit. Vestibulum\nsit amet dui elit quam rhoncus, egestas dui eget, malesuada justo.\nUt aliquam augue.'),(57,59,'2012','2014','Rimberio y asociados','Lorem ipsum dolor sit amet, consectetur adipiscing elit. Vestibulum\nsit amet dui elit quam rhoncus, egestas dui eget, malesuada justo.\nUt aliquam augue.'),(58,60,'2019','2023','Multinacional González','Lorem ipsum dolor sit amet, consectetur adipiscing elit. Vestibulum\nsit amet dui elit quam rhoncus, egestas dui eget, malesuada justo.\nUt aliquam augue.'),(59,60,'2015','2019','Industrias Ariova','Lorem ipsum dolor sit amet, consectetur adipiscing elit. Vestibulum\nsit amet dui elit quam rhoncus, egestas dui eget, malesuada justo.\nUt aliquam augue.'),(60,60,'2014','2015','Álvarez y asociados','Lorem ipsum dolor sit amet, consectetur adipiscing elit. Vestibulum\nsit amet dui elit quam rhoncus, egestas dui eget, malesuada justo.\nUt aliquam augue.'),(61,60,'2012','2014','Rimberio y asociados','Lorem ipsum dolor sit amet, consectetur adipiscing elit. Vestibulum\nsit amet dui elit quam rhoncus, egestas dui eget, malesuada justo.\nUt aliquam augue.'),(62,61,'2019','2023','Multinacional González','Lorem ipsum dolor sit amet, consectetur adipiscing elit. Vestibulum\nsit amet dui elit quam rhoncus, egestas dui eget, malesuada justo.\nUt aliquam augue.'),(63,61,'2015','2019','Industrias Ariova','Lorem ipsum dolor sit amet, consectetur adipiscing elit. Vestibulum\nsit amet dui elit quam rhoncus, egestas dui eget, malesuada justo.\nUt aliquam augue.'),(64,61,'2014','2015','Álvarez y asociados','Lorem ipsum dolor sit amet, consectetur adipiscing elit. Vestibulum\nsit amet dui elit quam rhoncus, egestas dui eget, malesuada justo.\nUt aliquam augue.'),(65,61,'2012','2014','Rimberio y asociados','Lorem ipsum dolor sit amet, consectetur adipiscing elit. Vestibulum\nsit amet dui elit quam rhoncus, egestas dui eget, malesuada justo.\nUt aliquam augue.'),(66,62,'2011','2012','programador','Lorem ipsum dolor sit amet, consectetur adipiscing elit. Vestibulum\nsit amet dui elit quam rhoncus, egestas dui eget, malesuada justo.\nUt aliquam augue.'),(67,63,'2011','2012','programador','Lorem ipsum dolor sit amet, consectetur adipiscing elit. Vestibulum\nsit amet dui elit quam rhoncus, egestas dui eget, malesuada justo.\nUt aliquam augue.'),(68,64,'2000','2001','programador','Lorem ipsum dolor sit amet, consectetur adipiscing elit. Vestibulum\nsit amet dui elit quam rhoncus, egestas dui eget, malesuada justo.\nUt aliquam augue.'),(69,65,'2000','2001','programador','Lorem ipsum dolor sit amet, consectetur adipiscing elit. Vestibulum\nsit amet dui elit quam rhoncus, egestas dui eget, malesuada justo.\nUt aliquam augue.'),(70,66,'2000','2001','programador','Lorem ipsum dolor sit amet, consectetur adipiscing elit. Vestibulum\nsit amet dui elit quam rhoncus, egestas dui eget, malesuada justo.\nUt aliquam augue.'),(71,67,'2000','2001','programador','Lorem ipsum dolor sit amet, consectetur adipiscing elit. Vestibulum\nsit amet dui elit quam rhoncus, egestas dui eget, malesuada justo.\nUt aliquam augue.'),(72,68,'2000','2001','programador','Lorem ipsum dolor sit amet, consectetur adipiscing elit. Vestibulum\nsit amet dui elit quam rhoncus, egestas dui eget, malesuada justo.\nUt aliquam augue.'),(73,69,'2000','2001','programador','Lorem ipsum dolor sit amet, consectetur adipiscing elit. Vestibulum\nsit amet dui elit quam rhoncus, egestas dui eget, malesuada justo.\nUt aliquam augue.'),(74,70,'2000','2001','programador','Lorem ipsum dolor sit amet, consectetur adipiscing elit. Vestibulum\nsit amet dui elit quam rhoncus, egestas dui eget, malesuada justo.\nUt aliquam augue.'),(75,71,'2000','2001','programador','Lorem ipsum dolor sit amet, consectetur adipiscing elit. Vestibulum\nsit amet dui elit quam rhoncus, egestas dui eget, malesuada justo.\nUt aliquam augue.'),(76,72,'2000','2001','programador','Lorem ipsum dolor sit amet, consectetur adipiscing elit. Vestibulum\nsit amet dui elit quam rhoncus, egestas dui eget, malesuada justo.\nUt aliquam augue.'),(77,73,'2000','2001','programador','Lorem ipsum dolor sit amet, consectetur adipiscing elit. Vestibulum\nsit amet dui elit quam rhoncus, egestas dui eget, malesuada justo.\nUt aliquam augue.'),(78,74,'2000','2001','programador','Lorem ipsum dolor sit amet, consectetur adipiscing elit. Vestibulum\nsit amet dui elit quam rhoncus, egestas dui eget, malesuada justo.\nUt aliquam augue.'),(79,75,'2000','2001','programador','Lorem ipsum dolor sit amet, consectetur adipiscing elit. Vestibulum\nsit amet dui elit quam rhoncus, egestas dui eget, malesuada justo.\nUt aliquam augue.'),(80,76,'2000','2001','programador','Lorem ipsum dolor sit amet, consectetur adipiscing elit. Vestibulum\nsit amet dui elit quam rhoncus, egestas dui eget, malesuada justo.\nUt aliquam augue.'),(81,77,'2000','2001','programador','Lorem ipsum dolor sit amet, consectetur adipiscing elit. Vestibulum\nsit amet dui elit quam rhoncus, egestas dui eget, malesuada justo.\nUt aliquam augue.'),(82,78,'2000','2001','programador','Lorem ipsum dolor sit amet, consectetur adipiscing elit. Vestibulum\nsit amet dui elit quam rhoncus, egestas dui eget, malesuada justo.\nUt aliquam augue.'),(83,79,'2000','2001','programador','Lorem ipsum dolor sit amet, consectetur adipiscing elit. Vestibulum\nsit amet dui elit quam rhoncus, egestas dui eget, malesuada justo.\nUt aliquam augue.'),(84,80,'2000','2001','programador','Lorem ipsum dolor sit amet, consectetur adipiscing elit. Vestibulum\nsit amet dui elit quam rhoncus, egestas dui eget, malesuada justo.\nUt aliquam augue.'),(85,81,'2000','2001','programador','Lorem ipsum dolor sit amet, consectetur adipiscing elit. Vestibulum\nsit amet dui elit quam rhoncus, egestas dui eget, malesuada justo.\nUt aliquam augue.'),(86,82,'2000','2001','programador','Lorem ipsum dolor sit amet, consectetur adipiscing elit. Vestibulum\nsit amet dui elit quam rhoncus, egestas dui eget, malesuada justo.\nUt aliquam augue.'),(87,83,'2000','2001','programador','Lorem ipsum dolor sit amet, consectetur adipiscing elit. Vestibulum\nsit amet dui elit quam rhoncus, egestas dui eget, malesuada justo.\nUt aliquam augue.'),(88,84,'2000','2001','programador','Lorem ipsum dolor sit amet, consectetur adipiscing elit. Vestibulum\nsit amet dui elit quam rhoncus, egestas dui eget, malesuada justo.\nUt aliquam augue.'),(89,85,'2000','2001','programador','Lorem ipsum dolor sit amet, consectetur adipiscing elit. Vestibulum\nsit amet dui elit quam rhoncus, egestas dui eget, malesuada justo.\nUt aliquam augue.'),(90,86,'2000','2001','programador','Lorem ipsum dolor sit amet, consectetur adipiscing elit. Vestibulum\nsit amet dui elit quam rhoncus, egestas dui eget, malesuada justo.\nUt aliquam augue.'),(91,87,'2019','2023','Multinacional González','Lorem ipsum dolor sit amet, consectetur adipiscing elit. Vestibulum\nsit amet dui elit quam rhoncus, egestas dui eget, malesuada justo.\nUt aliquam augue.'),(92,87,'2015','2019','Álvarez y asociados','Lorem ipsum dolor sit amet, consectetur adipiscing elit. Vestibulum\nsit amet dui elit quam rhoncus, egestas dui eget, malesuada justo.\nUt aliquam augue.'),(93,87,'2014','2015','Industrias Ariova','Lorem ipsum dolor sit amet, consectetur adipiscing elit. Vestibulum\nsit amet dui elit quam rhoncus, egestas dui eget, malesuada justo.\nUt aliquam augue.'),(94,87,'2012','2014','Rimberio y asociados','Lorem ipsum dolor sit amet, consectetur adipiscing elit. Vestibulum\nsit amet dui elit quam rhoncus, egestas dui eget, malesuada justo.\nUt aliquam augue.'),(95,88,'2010','2011','programador','descripcion'),(96,89,'2018','2024','magallanes','Lorem ipsum dolor sit amet, consectetur adipiscing elit. Vestibulum\nsit amet dui elit quam rhoncus, egestas dui eget, malesuada justo.\nUt aliquam augue.'),(97,90,'2018','2024','maaaaaaaaaaaaaaa','Lorem ipsum dolor sit amet, consectetur adipiscing elit. Vestibulum\nsit amet dui elit quam rhoncus, egestas dui eget, malesuada justo.\nUt aliquam augue.'),(98,91,'2018','2024','maaaaaaaaaaaaaaa','Lorem ipsum dolor sit amet, consectetur adipiscing elit. Vestibulum\nsit amet dui elit quam rhoncus, egestas dui eget, malesuada justo.\nUt aliquam augue.'),(99,92,'2018','2024','maaaaaaaaaaaaaaa','Lorem ipsum dolor sit amet, consectetur adipiscing elit. Vestibulum\nsit amet dui elit quam rhoncus, egestas dui eget, malesuada justo.\nUt aliquam augue.');
/*!40000 ALTER TABLE `work_experience` ENABLE KEYS */;
UNLOCK TABLES;
/*!40103 SET TIME_ZONE=@OLD_TIME_ZONE */;

/*!40101 SET SQL_MODE=@OLD_SQL_MODE */;
/*!40014 SET FOREIGN_KEY_CHECKS=@OLD_FOREIGN_KEY_CHECKS */;
/*!40014 SET UNIQUE_CHECKS=@OLD_UNIQUE_CHECKS */;
/*!40101 SET CHARACTER_SET_CLIENT=@OLD_CHARACTER_SET_CLIENT */;
/*!40101 SET CHARACTER_SET_RESULTS=@OLD_CHARACTER_SET_RESULTS */;
/*!40101 SET COLLATION_CONNECTION=@OLD_COLLATION_CONNECTION */;
/*!40111 SET SQL_NOTES=@OLD_SQL_NOTES */;

-- Dump completed on 2025-02-14 13:06:08
